128,128,Documents/Legal Aspects of Corporate Management and Finance.pdf,0
128,128,Documents/Legal Aspects of Corporate Management and Finance.pdf,1
128,128,Documents/Legal Aspects of Corporate Management and Finance.pdf,2
128,128,Documents/Legal Aspects of Corporate Management and Finance.pdf,3
128,128,Documents/Legal Aspects of Corporate Management and Finance.pdf,4
128,128,Documents/Legal Aspects of Corporate Management and Finance.pdf,5
128,128,Documents/Legal Aspects of Corporate Management and Finance.pdf,6
128,128,Documents/Legal Aspects of Corporate Management and Finance.pdf,7
128,128,Documents/Legal Aspects of Corporate Management and Finance.pdf,8
128,128,Documents/Legal Aspects of Corporate Management and Finance.pdf,9
128,128,Documents/Legal Aspects of Corporate Management and Finance.pdf,10
128,128,Documents/Legal Aspects of Corporate Management and Finance.pdf,11
128,128,Documents/Legal Aspects of Corporate Management and Finance.pdf,12
128,128,Documents/Legal Aspects of Corporate Management and Finance.pdf,13
128,128,Documents/Legal Aspects of Corporate Management and Finance.pdf,14
128,128,Documents/Legal Aspects of Corporate Management and Finance.pdf,15
128,128,Documents/Legal Aspects of Corporate Management and Finance.pdf,16
128,128,Documents/Legal Aspects of Corporate Management and Finance.pdf,17
128,128,Documents/Legal Aspects of Corporate Management and Finance.pdf,18
128,128,Documents/Legal Aspects of Corporate Management and Finance.pdf,19
128,128,Documents/Legal Aspects of Corporate Management and Finance.pdf,20
128,128,Documents/Legal Aspects of Corporate Management and Finance.pdf,21
128,128,Documents/Legal Aspects of Corporate Management and Finance.pdf,22
128,128,Documents/Legal Aspects of Corporate Management and Finance.pdf,23
128,128,Documents/Legal Aspects of Corporate Management and Finance.pdf,24
128,128,Documents/Legal Aspects of Corporate Management and Finance.pdf,25
128,128,Documents/Legal Aspects of Corporate Management and Finance.pdf,26
128,128,Documents/Legal Aspects of Corporate Management and Finance.pdf,27
128,128,Documents/Legal Aspects of Corporate Management and Finance.pdf,28
128,128,Documents/Legal Aspects of Corporate Management and Finance.pdf,29
128,128,Documents/Legal Aspects of Corporate Management and Finance.pdf,30
128,128,Documents/Legal Aspects of Corporate Management and Finance.pdf,31
128,128,Documents/Legal Aspects of Corporate Management and Finance.pdf,32
128,128,Documents/Legal Aspects of Corporate Management and Finance.pdf,33
128,128,Documents/Legal Aspects of Corporate Management and Finance.pdf,34
128,128,Documents/Legal Aspects of Corporate Management and Finance.pdf,35
128,128,Documents/Legal Aspects of Corporate Management and Finance.pdf,36
128,128,Documents/Legal Aspects of Corporate Management and Finance.pdf,37
128,128,Documents/Legal Aspects of Corporate Management and Finance.pdf,38
128,128,Documents/Legal Aspects of Corporate Management and Finance.pdf,39
128,128,Documents/Legal Aspects of Corporate Management and Finance.pdf,40
128,128,Documents/Legal Aspects of Corporate Management and Finance.pdf,41
128,128,Documents/Legal Aspects of Corporate Management and Finance.pdf,42
128,128,Documents/Legal Aspects of Corporate Management and Finance.pdf,43
128,128,Documents/Legal Aspects of Corporate Management and Finance.pdf,44
128,128,Documents/Legal Aspects of Corporate Management and Finance.pdf,45
128,128,Documents/Legal Aspects of Corporate Management and Finance.pdf,46
128,128,Documents/Legal Aspects of Corporate Management and Finance.pdf,47
128,128,Documents/Legal Aspects of Corporate Management and Finance.pdf,48
128,128,Documents/Legal Aspects of Corporate Management and Finance.pdf,49
128,128,Documents/Legal Aspects of Corporate Management and Finance.pdf,50
128,128,Documents/Legal Aspects of Corporate Management and Finance.pdf,51
128,128,Documents/Legal Aspects of Corporate Management and Finance.pdf,52
128,128,Documents/Legal Aspects of Corporate Management and Finance.pdf,53
128,128,Documents/Legal Aspects of Corporate Management and Finance.pdf,54
128,128,Documents/Legal Aspects of Corporate Management and Finance.pdf,55
128,128,Documents/Legal Aspects of Corporate Management and Finance.pdf,56
128,128,Documents/Legal Aspects of Corporate Management and Finance.pdf,57
128,128,Documents/Legal Aspects of Corporate Management and Finance.pdf,58
128,128,Documents/Legal Aspects of Corporate Management and Finance.pdf,59
128,128,Documents/Legal Aspects of Corporate Management and Finance.pdf,60
128,128,Documents/Legal Aspects of Corporate Management and Finance.pdf,61
128,128,Documents/Legal Aspects of Corporate Management and Finance.pdf,62
128,128,Documents/Legal Aspects of Corporate Management and Finance.pdf,63
128,128,Documents/Legal Aspects of Corporate Management and Finance.pdf,64
128,128,Documents/Legal Aspects of Corporate Management and Finance.pdf,65
128,128,Documents/Legal Aspects of Corporate Management and Finance.pdf,66
128,128,Documents/Legal Aspects of Corporate Management and Finance.pdf,67
128,128,Documents/Legal Aspects of Corporate Management and Finance.pdf,68
128,128,Documents/Legal Aspects of Corporate Management and Finance.pdf,69
128,128,Documents/Legal Aspects of Corporate Management and Finance.pdf,70
128,128,Documents/Legal Aspects of Corporate Management and Finance.pdf,71
128,128,Documents/Legal Aspects of Corporate Management and Finance.pdf,72
128,128,Documents/Legal Aspects of Corporate Management and Finance.pdf,73
128,128,Documents/Legal Aspects of Corporate Management and Finance.pdf,74
128,128,Documents/Legal Aspects of Corporate Management and Finance.pdf,75
128,128,Documents/Legal Aspects of Corporate Management and Finance.pdf,76
128,128,Documents/Legal Aspects of Corporate Management and Finance.pdf,77
128,128,Documents/Legal Aspects of Corporate Management and Finance.pdf,78
128,128,Documents/Legal Aspects of Corporate Management and Finance.pdf,79
128,128,Documents/Legal Aspects of Corporate Management and Finance.pdf,80
128,128,Documents/Legal Aspects of Corporate Management and Finance.pdf,81
128,128,Documents/Legal Aspects of Corporate Management and Finance.pdf,82
128,128,Documents/Legal Aspects of Corporate Management and Finance.pdf,83
128,128,Documents/Legal Aspects of Corporate Management and Finance.pdf,84
128,128,Documents/Legal Aspects of Corporate Management and Finance.pdf,85
128,128,Documents/Legal Aspects of Corporate Management and Finance.pdf,86
128,128,Documents/Legal Aspects of Corporate Management and Finance.pdf,87
128,128,Documents/Legal Aspects of Corporate Management and Finance.pdf,88
128,128,Documents/Legal Aspects of Corporate Management and Finance.pdf,89
128,128,Documents/Legal Aspects of Corporate Management and Finance.pdf,90
128,128,Documents/Legal Aspects of Corporate Management and Finance.pdf,91
128,128,Documents/Legal Aspects of Corporate Management and Finance.pdf,92
128,128,Documents/Legal Aspects of Corporate Management and Finance.pdf,93
128,128,Documents/Legal Aspects of Corporate Management and Finance.pdf,94
128,128,Documents/Legal Aspects of Corporate Management and Finance.pdf,95
128,128,Documents/Legal Aspects of Corporate Management and Finance.pdf,96
128,128,Documents/Legal Aspects of Corporate Management and Finance.pdf,97
128,128,Documents/Legal Aspects of Corporate Management and Finance.pdf,98
128,128,Documents/Legal Aspects of Corporate Management and Finance.pdf,99
128,128,Documents/PrinciplesofFinance-WEB.pdf,0
128,128,Documents/PrinciplesofFinance-WEB.pdf,1
128,128,Documents/PrinciplesofFinance-WEB.pdf,2
128,128,Documents/PrinciplesofFinance-WEB.pdf,3
128,128,Documents/PrinciplesofFinance-WEB.pdf,4
128,128,Documents/PrinciplesofFinance-WEB.pdf,5
128,128,Documents/PrinciplesofFinance-WEB.pdf,6
128,128,Documents/PrinciplesofFinance-WEB.pdf,7
128,128,Documents/PrinciplesofFinance-WEB.pdf,8
128,128,Documents/PrinciplesofFinance-WEB.pdf,9
128,128,Documents/PrinciplesofFinance-WEB.pdf,10
128,128,Documents/PrinciplesofFinance-WEB.pdf,11
128,128,Documents/PrinciplesofFinance-WEB.pdf,12
128,128,Documents/PrinciplesofFinance-WEB.pdf,13
128,128,Documents/PrinciplesofFinance-WEB.pdf,14
128,128,Documents/PrinciplesofFinance-WEB.pdf,15
128,128,Documents/PrinciplesofFinance-WEB.pdf,16
128,128,Documents/PrinciplesofFinance-WEB.pdf,17
128,128,Documents/PrinciplesofFinance-WEB.pdf,18
128,128,Documents/PrinciplesofFinance-WEB.pdf,19
128,128,Documents/PrinciplesofFinance-WEB.pdf,20
128,128,Documents/PrinciplesofFinance-WEB.pdf,21
128,128,Documents/PrinciplesofFinance-WEB.pdf,22
128,128,Documents/PrinciplesofFinance-WEB.pdf,23
128,128,Documents/PrinciplesofFinance-WEB.pdf,24
128,128,Documents/PrinciplesofFinance-WEB.pdf,25
128,128,Documents/PrinciplesofFinance-WEB.pdf,26
128,128,Documents/PrinciplesofFinance-WEB.pdf,27
128,128,Documents/PrinciplesofFinance-WEB.pdf,28
128,128,Documents/PrinciplesofFinance-WEB.pdf,29
128,128,Documents/PrinciplesofFinance-WEB.pdf,30
128,128,Documents/PrinciplesofFinance-WEB.pdf,31
128,128,Documents/PrinciplesofFinance-WEB.pdf,32
128,128,Documents/PrinciplesofFinance-WEB.pdf,33
128,128,Documents/PrinciplesofFinance-WEB.pdf,34
128,128,Documents/PrinciplesofFinance-WEB.pdf,35
128,128,Documents/PrinciplesofFinance-WEB.pdf,36
128,128,Documents/PrinciplesofFinance-WEB.pdf,37
128,128,Documents/PrinciplesofFinance-WEB.pdf,38
128,128,Documents/PrinciplesofFinance-WEB.pdf,39
128,128,Documents/PrinciplesofFinance-WEB.pdf,40
128,128,Documents/PrinciplesofFinance-WEB.pdf,41
128,128,Documents/PrinciplesofFinance-WEB.pdf,42
128,128,Documents/PrinciplesofFinance-WEB.pdf,43
128,128,Documents/PrinciplesofFinance-WEB.pdf,44
128,128,Documents/PrinciplesofFinance-WEB.pdf,45
128,128,Documents/PrinciplesofFinance-WEB.pdf,46
128,128,Documents/PrinciplesofFinance-WEB.pdf,47
128,128,Documents/PrinciplesofFinance-WEB.pdf,48
128,128,Documents/PrinciplesofFinance-WEB.pdf,49
128,128,Documents/PrinciplesofFinance-WEB.pdf,50
128,128,Documents/PrinciplesofFinance-WEB.pdf,51
128,128,Documents/PrinciplesofFinance-WEB.pdf,52
128,128,Documents/PrinciplesofFinance-WEB.pdf,53
128,128,Documents/PrinciplesofFinance-WEB.pdf,54
128,128,Documents/PrinciplesofFinance-WEB.pdf,55
128,128,Documents/PrinciplesofFinance-WEB.pdf,56
128,128,Documents/PrinciplesofFinance-WEB.pdf,57
128,128,Documents/PrinciplesofFinance-WEB.pdf,58
128,128,Documents/PrinciplesofFinance-WEB.pdf,59
128,128,Documents/PrinciplesofFinance-WEB.pdf,60
128,128,Documents/PrinciplesofFinance-WEB.pdf,61
128,128,Documents/PrinciplesofFinance-WEB.pdf,62
128,128,Documents/PrinciplesofFinance-WEB.pdf,63
128,128,Documents/PrinciplesofFinance-WEB.pdf,64
128,128,Documents/PrinciplesofFinance-WEB.pdf,65
128,128,Documents/PrinciplesofFinance-WEB.pdf,66
128,128,Documents/PrinciplesofFinance-WEB.pdf,67
128,128,Documents/PrinciplesofFinance-WEB.pdf,68
128,128,Documents/PrinciplesofFinance-WEB.pdf,69
128,128,Documents/PrinciplesofFinance-WEB.pdf,70
128,128,Documents/PrinciplesofFinance-WEB.pdf,71
128,128,Documents/PrinciplesofFinance-WEB.pdf,72
128,128,Documents/PrinciplesofFinance-WEB.pdf,73
128,128,Documents/PrinciplesofFinance-WEB.pdf,74
128,128,Documents/PrinciplesofFinance-WEB.pdf,75
128,128,Documents/PrinciplesofFinance-WEB.pdf,76
128,128,Documents/PrinciplesofFinance-WEB.pdf,77
128,128,Documents/PrinciplesofFinance-WEB.pdf,78
128,128,Documents/PrinciplesofFinance-WEB.pdf,79
128,128,Documents/PrinciplesofFinance-WEB.pdf,80
128,128,Documents/PrinciplesofFinance-WEB.pdf,81
128,128,Documents/PrinciplesofFinance-WEB.pdf,82
128,128,Documents/PrinciplesofFinance-WEB.pdf,83
128,128,Documents/PrinciplesofFinance-WEB.pdf,84
128,128,Documents/PrinciplesofFinance-WEB.pdf,85
128,128,Documents/PrinciplesofFinance-WEB.pdf,86
128,128,Documents/PrinciplesofFinance-WEB.pdf,87
128,128,Documents/PrinciplesofFinance-WEB.pdf,88
128,128,Documents/PrinciplesofFinance-WEB.pdf,89
128,128,Documents/PrinciplesofFinance-WEB.pdf,90
128,128,Documents/PrinciplesofFinance-WEB.pdf,91
128,128,Documents/PrinciplesofFinance-WEB.pdf,92
128,128,Documents/PrinciplesofFinance-WEB.pdf,93
128,128,Documents/PrinciplesofFinance-WEB.pdf,94
128,128,Documents/PrinciplesofFinance-WEB.pdf,95
128,128,Documents/PrinciplesofFinance-WEB.pdf,96
128,128,Documents/PrinciplesofFinance-WEB.pdf,97
128,128,Documents/PrinciplesofFinance-WEB.pdf,98
128,128,Documents/PrinciplesofFinance-WEB.pdf,99
